Warning, Flag Code, Flag Name, Priority, File, Line, Column, Warning Text, Additional Text
1,440,bufferoverflowhigh,1,raw/test_folder1/test.c,6,2,Use of gets leads to a buffer overflow vulnerability.  Use fgets instead: gets,Use of function that may lead to buffer overflow.
2,192,retvalother,1,raw/test_folder1/test.c,6,2,Return value (type char *) ignored: gets(c),"Result returned by function call is not used. If this is intended, can cast result to (void) to eliminate message."
3,194,retvalint,1,raw/test_folder1/test.c,8,2,Return value (type int) ignored: puts(c),"Result returned by function call is not used. If this is intended, can cast result to (void) to eliminate message."
4,194,retvalint,1,raw/test_folder1/test.c,9,2,Return value (type int) ignored: puts(cp),"Result returned by function call is not used. If this is intended, can cast result to (void) to eliminate message."
1,440,bufferoverflowhigh,1,raw/test_folder1/test1.c,6,2,Use of gets leads to a buffer overflow vulnerability.  Use fgets instead: gets,Use of function that may lead to buffer overflow.
2,192,retvalother,1,raw/test_folder1/test1.c,6,2,Return value (type char *) ignored: gets(c),"Result returned by function call is not used. If this is intended, can cast result to (void) to eliminate message."
3,194,retvalint,1,raw/test_folder1/test1.c,8,2,Return value (type int) ignored: puts(c),"Result returned by function call is not used. If this is intended, can cast result to (void) to eliminate message."
4,194,retvalint,1,raw/test_folder1/test1.c,9,2,Return value (type int) ignored: puts(cp),"Result returned by function call is not used. If this is intended, can cast result to (void) to eliminate message."
1,440,bufferoverflowhigh,1,raw/test_folder1/inner_test/test2.c,6,2,Use of gets leads to a buffer overflow vulnerability.  Use fgets instead: gets,Use of function that may lead to buffer overflow.
2,192,retvalother,1,raw/test_folder1/inner_test/test2.c,6,2,Return value (type char *) ignored: gets(c),"Result returned by function call is not used. If this is intended, can cast result to (void) to eliminate message."
3,194,retvalint,1,raw/test_folder1/inner_test/test2.c,8,2,Return value (type int) ignored: puts(c),"Result returned by function call is not used. If this is intended, can cast result to (void) to eliminate message."
4,194,retvalint,1,raw/test_folder1/inner_test/test2.c,9,2,Return value (type int) ignored: puts(cp),"Result returned by function call is not used. If this is intended, can cast result to (void) to eliminate message."
